,Tempo,Carro,Aceleração X,Aceleração Y,Aceleração Z,RPM,Velocidade,Temperatura
0,0,11,3.9945239999999997,0.169336,0.965264,0.0,0.0,25
1,0,11,3.997635,0.17208099999999998,0.9684360000000001,0.0,0.0,25
2,0,11,3.9955609999999995,0.170373,0.966789,0.0,0.0,25
3,0,11,0.003294,0.170007,0.9663619999999999,0.0,0.0,25
4,0,11,0.0008539999999999999,0.16537100000000002,0.968558,0.0,0.0,25
5,0,11,3.992206,0.177571,0.966423,0.0,0.0,25
6,0,11,3.9945239999999997,0.168787,0.9663619999999999,0.0,0.0,25
7,0,11,3.993975,0.170373,0.967155,0.0,0.0,25
8,0,11,3.993731,0.17610699999999999,0.9656910000000001,0.0,0.0,25
9,0,11,0.003294,0.165066,0.966545,0.0,0.0,25
10,0,11,0.001342,0.174033,0.9692289999999999,0.0,0.0,25
11,0,11,3.993182,0.170068,0.966606,0.0,0.0,25
12,0,11,3.994951,0.171837,0.965813,0.0,0.0,25
13,0,11,0.002989,0.165432,0.967521,0.0,0.0,25
14,0,11,3.992328,0.17238599999999998,0.966179,0.0,0.0,25
15,0,11,0.000732,0.170068,0.968192,0.0,0.0,25
16,0,11,3.994951,0.170007,0.9823439999999999,0.0,0.0,25
17,0,11,3.9927550000000003,0.169275,0.966057,0.0,0.0,25
18,0,11,3.9935479999999997,0.175009,0.9661179999999999,0.0,0.0,25
19,0,11,3.996476,0.162992,0.9643489999999999,0.0,0.0,25
20,0,11,3.997574,0.174704,0.96685,0.0,0.0,25
21,0,11,0.002623,0.16622499999999998,0.966667,0.0,0.0,25
22,0,11,0.000793,0.17385,0.9664839999999999,0.0,0.0,25
23,0,11,3.993731,0.168543,0.96868,0.0,0.0,26
24,0,11,3.993792,0.170129,0.9657519999999999,0.0,0.0,26
25,0,11,3.996049,0.169702,0.966606,0.0,0.0,25
26,0,11,0.002745,0.170129,0.967643,0.0,0.0,25
27,0,11,3.997635,0.172142,0.9674599999999999,0.0,0.0,25
28,0,11,3.993304,0.16738399999999998,0.9649589999999999,0.0,0.0,25
29,0,11,3.996476,0.164822,0.964776,0.0,0.0,25
30,0,11,3.996415,0.173118,0.968009,0.0,0.0,25
31,0,11,3.9893389999999997,0.170129,0.963678,0.0,0.0,25
32,0,11,3.994341,0.17568,0.9653249999999999,0.0,0.0,25
33,0,11,3.996537,0.164822,0.963556,0.0,0.0,25
34,0,11,0.004148,0.174216,0.97051,0.0,0.0,25
35,0,11,3.99062,0.174582,0.963556,0.0,0.0,25
36,0,11,3.9926939999999997,0.170007,0.966179,0.0,0.0,25
37,0,11,0.003721,0.169641,0.970876,0.0,0.0,25
38,0,11,3.992267,0.17208099999999998,0.965569,0.0,0.0,25
39,0,11,3.9936700000000003,0.169214,0.966545,0.0,0.0,25
40,0,11,0.00366,0.16982399999999997,0.968009,0.0,0.0,25
41,0,11,0.00042699999999999997,0.170922,0.965996,0.0,0.0,25
42,0,11,3.9950119999999996,0.167933,0.967155,0.0,0.0,25
43,0,11,3.9936700000000003,0.167994,0.9673379999999999,0.0,0.0,25
44,0,11,3.991901,0.174338,0.9651419999999999,0.0,0.0,25
45,0,11,3.996659,0.166469,0.96685,0.0,0.0,25
46,0,11,0.001037,0.172935,0.9663619999999999,0.0,0.0,25
47,0,11,0.000122,0.172874,0.976671,0.0,0.0,25
48,0,11,3.994585,0.17385,0.9639220000000001,0.0,0.0,25
49,0,11,3.992328,0.167201,0.96563,0.0,0.0,25
50,0,11,3.994158,0.171715,0.964837,0.0,0.0,25
51,0,11,3.997147,0.16866499999999998,0.966606,0.0,0.0,25
52,0,11,3.9957439999999997,0.170007,0.966606,0.0,0.0,25
53,0,11,3.993731,0.170373,0.966667,0.0,0.0,25
54,0,11,3.9945239999999997,0.17104399999999997,0.965935,0.0,0.0,25
55,0,11,3.994158,0.169702,0.967155,0.0,0.0,25
56,0,11,0.000915,0.169641,0.966545,0.0,0.0,25
57,0,11,0.0030499999999999998,0.170007,0.968924,0.0,0.0,25
58,0,11,3.991413,0.17263,0.965386,0.0,0.0,25
59,0,11,3.976346,0.168848,0.964837,0.0,0.0,25
60,0,11,3.9970250000000003,0.165676,0.9684969999999999,0.0,0.0,25
61,0,11,0.008052,0.174033,0.9678869999999999,0.0,0.0,25
62,0,11,3.993304,0.167201,0.966179,0.0,0.0,25
63,0,11,3.991291,0.171715,0.965935,0.0,0.0,25
64,0,11,3.993182,0.16469999999999999,0.966057,0.0,0.0,25
65,0,11,3.996232,0.175436,0.966301,0.0,0.0,25
66,0,11,3.9957439999999997,0.167323,0.9675819999999999,0.0,0.0,25
67,0,11,3.995317,0.173484,0.9651419999999999,0.0,0.0,25
68,0,11,3.995866,0.169275,0.9669719999999999,0.0,0.0,25
69,0,11,3.996537,0.16903100000000001,0.965813,0.0,0.0,25
70,0,11,3.995927,0.170983,0.965935,0.0,0.0,25
71,0,11,3.996049,0.169397,0.96624,0.0,0.0,25
72,0,11,3.995683,0.170251,0.966179,0.0,0.0,25
73,0,11,3.995195,0.169458,0.9813679999999999,0.0,0.0,25
74,0,11,3.9955,0.168482,0.965813,0.0,0.0,25
75,0,11,3.99489,0.170922,0.964105,0.0,0.0,25
76,0,11,0.0042699999999999995,0.167994,0.9663619999999999,0.0,0.0,25
77,0,11,0.0010979999999999998,0.169275,0.968924,0.0,0.0,25
78,0,11,3.996415,0.163602,0.968985,0.0,0.0,25
79,0,11,3.99184,0.17452099999999998,0.962153,0.0,0.0,25
80,0,11,0.000793,0.16866499999999998,0.968985,0.0,0.0,25
81,0,11,3.9939139999999997,0.16713999999999998,0.967399,0.0,0.0,25
82,0,11,3.991413,0.173118,0.9657519999999999,0.0,0.0,25
83,0,11,0.002928,0.165066,0.968741,0.0,0.0,25
84,0,11,0.012017,0.172691,0.966545,0.0,0.0,25
85,0,11,3.996598,0.169641,0.96563,0.0,0.0,25
86,0,11,0.001586,0.172447,0.967033,0.0,0.0,25
87,0,11,0.0022570000000000003,0.164212,0.975146,0.0,0.0,25
88,0,11,0.00122,0.16957999999999998,0.957212,0.0,0.0,25
89,0,11,0.00061,0.17372800000000002,0.961055,0.0,0.0,25
90,0,11,0.003233,0.163053,0.970876,0.0,0.0,25
91,0,11,0.000671,0.178791,0.9702049999999999,0.0,0.0,25
92,0,11,3.989461,0.166774,0.966179,0.0,0.0,25
93,0,11,3.986777,0.17238599999999998,0.9667279999999999,0.0,0.0,25
94,0,11,3.9961100000000003,0.166896,0.967765,0.0,0.0,25
95,0,11,0.004208999999999999,0.163785,0.968131,0.0,0.0,25
96,0,11,0.004391999999999999,0.175131,0.9678260000000001,0.0,0.0,25
97,0,11,3.984886,0.16366299999999998,0.966179,0.0,0.0,25
98,0,11,3.995866,0.17598499999999997,0.9656910000000001,0.0,0.0,25
99,0,11,0.000183,0.165554,0.9678869999999999,0.0,0.0,25
100,0,11,3.995866,0.174338,0.965813,0.0,0.0,25
101,0,11,3.9961100000000003,0.16591999999999998,0.96685,0.0,0.0,25
102,0,11,3.991779,0.17208099999999998,0.966301,0.0,0.0,25
103,0,11,3.9935479999999997,0.165188,0.9667279999999999,0.0,0.0,25
104,0,11,0.001952,0.172203,0.967643,0.0,0.0,25
105,0,11,3.99245,0.168726,0.967155,0.0,0.0,25
106,0,11,3.994951,0.171288,0.9669719999999999,0.0,0.0,25
107,0,11,3.9961100000000003,0.170495,0.967033,0.0,0.0,25
108,0,11,3.9955,0.170434,0.96624,0.0,0.0,25
109,0,11,3.994951,0.17110499999999998,0.967399,0.0,0.0,25
110,0,11,3.9969029999999997,0.169519,0.966545,0.0,0.0,25
111,0,11,3.994768,0.17055599999999999,0.967948,0.0,0.0,25
112,0,11,3.995195,0.169153,0.967521,0.0,0.0,25
113,0,11,3.994707,0.17116599999999998,0.965569,0.0,0.0,25
114,0,11,3.996598,0.167933,0.966545,0.0,0.0,25
115,0,11,3.996415,0.170678,0.964715,0.0,0.0,25
116,0,11,3.989461,0.168848,0.9657519999999999,0.0,0.0,25
117,0,11,3.977993,0.17232499999999998,0.9712419999999999,0.0,4.9997711146715496,25
118,0,11,3.991291,0.16988499999999998,0.9692289999999999,0.0,0.0,26
119,0,11,3.977688,0.163236,0.955931,0.0,0.0,26
120,0,11,0.002318,0.176351,0.969656,0.0,12.0,26
121,0,11,3.995134,0.159515,0.9651419999999999,0.0,12.99977111467155,26
122,0,11,0.011468,0.16988499999999998,0.956846,0.0,16.0,26
123,0,11,0.001342,0.167933,0.964227,0.0,14.999313344014649,25
124,0,11,3.9955,0.16341899999999998,0.963007,0.0,10.999313344014649,25
125,0,11,3.984642,0.160674,0.956053,0.0,0.0,25
126,0,11,0.01159,0.170617,0.9670939999999999,0.0,0.0,25
127,0,11,3.995256,0.168421,0.967643,0.0,0.0,25
128,0,11,3.997147,0.171715,0.965081,0.0,4.0,26
129,0,11,3.9883629999999997,0.179218,0.9727060000000001,0.0,5.999542229343099,26
130,0,11,3.989095,0.171837,0.9584929999999999,0.0,8.0,26
131,0,11,3.994341,0.16165000000000002,0.982771,0.0,20.0,26
132,0,11,3.9974519999999996,0.185013,0.9579439999999999,0.0,16.99977111467155,26
133,0,11,0.00244,0.164822,0.9588589999999999,0.0,12.0,25
134,0,11,3.969026,0.17519200000000001,0.9549549999999999,0.0,0.0,25
135,0,11,0.018849,0.16738399999999998,0.965386,0.0,0.0,25
136,0,11,3.984886,0.17580199999999999,0.9697169999999999,0.0,9.999542229343099,25
137,0,11,0.002318,0.178669,0.978379,0.0,9.999542229343099,25
138,0,11,3.969697,0.180011,0.988932,0.0,28.0,25
139,0,11,3.974272,0.15128,0.9433039999999999,0.0,16.99977111467155,25
140,0,11,3.986167,0.16000299999999998,0.9628239999999999,0.0,0.0,25
141,0,11,3.977261,0.148596,0.947452,0.0,0.0,25
142,0,11,3.981897,0.162748,0.9580660000000001,0.0,8.99977111467155,25
143,0,11,0.008417999999999998,0.164578,0.9612379999999999,0.0,8.99977111467155,26
144,0,11,3.9911079999999997,0.133773,0.908839,0.0,26.99931334401465,26
145,0,11,0.061244,0.168177,0.9716079999999999,0.0,16.0,26
146,0,11,3.989156,0.18605,0.985089,0.0,0.0,26
147,0,11,3.990925,0.173484,0.966423,0.0,5.999542229343099,26
148,0,11,0.030317,0.176595,0.9645929999999999,0.0,21.9995422293431,25
149,0,11,3.990803,0.20166599999999998,0.9111569999999999,0.0,20.99977111467155,25
150,0,11,0.001281,0.17720499999999997,0.9639220000000001,0.0,24.0,25
151,0,11,3.984825,0.161345,0.957212,0.0,8.99977111467155,25
152,0,11,3.983361,0.176656,0.972096,0.0,0.0,25
153,0,11,0.005551,0.168482,0.968558,0.0,0.0,25
154,0,11,0.005306999999999999,0.17519200000000001,0.970937,0.0,0.0,25
155,0,11,3.9929989999999997,0.169702,0.964654,0.0,0.0,25
156,0,11,0.008173999999999999,0.16659100000000002,0.968619,0.0,0.0,25
157,0,11,3.9948289999999997,0.174216,0.9657519999999999,0.0,54.999313344014645,25
158,0,11,3.9850079999999997,0.175558,0.97112,0.0,0.0,25
159,0,11,3.9901929999999997,0.174033,0.9709979999999999,0.0,8.99977111467155,25
160,0,11,0.016592,0.174582,0.9737429999999999,0.0,5.999542229343099,25
161,0,11,3.9835439999999998,0.17232499999999998,0.955382,0.0,12.0,25
162,0,11,0.001952,0.165493,0.965996,0.0,0.0,25
163,0,11,0.004391999999999999,0.17354499999999998,0.9678869999999999,0.0,0.0,25
164,0,11,3.98757,0.167689,0.968741,0.0,0.0,25
165,0,11,3.9860450000000003,0.171471,0.965447,0.0,0.0,25
166,0,11,3.990437,0.166652,0.963068,0.0,0.0,25
167,0,11,3.992511,0.171227,0.964166,0.0,0.0,25
168,0,11,0.002867,0.166286,0.968375,0.0,0.0,25
169,0,11,3.99672,0.170251,0.96563,0.0,0.0,25
170,0,11,3.995195,0.168848,0.9669719999999999,0.0,0.0,25
171,0,11,0.0008539999999999999,0.171776,0.9667279999999999,0.0,0.0,25
172,0,11,3.9961100000000003,0.17019,0.966789,0.0,0.0,25
173,0,11,3.992328,0.17141,0.9657519999999999,0.0,0.0,25
174,0,11,0.000183,0.167994,0.968009,0.0,0.0,25
175,0,11,3.997208,0.171593,0.9655079999999999,0.0,0.0,25
176,0,11,0.002867,0.16500499999999999,0.9674599999999999,0.0,0.0,25
177,0,11,3.995866,0.17452099999999998,0.9678260000000001,0.0,0.0,25
178,0,11,0.003172,0.169519,0.968192,0.0,0.0,25
179,0,11,3.990803,0.170678,0.9657519999999999,0.0,0.0,25
180,0,11,3.9707339999999998,0.178364,0.97539,0.0,0.0,25
181,0,11,3.9868379999999997,0.171532,0.966789,0.0,4.9997711146715496,25
182,0,11,3.9969639999999997,0.168482,0.965569,0.0,9.999542229343099,25
183,0,11,3.980433,0.16390699999999997,0.9888709999999999,0.0,14.999313344014649,26
184,0,11,0.010736,0.170129,0.967155,0.0,40.0,26
185,0,11,3.989034,0.172142,0.985089,0.0,8.99977111467155,26
186,0,11,3.97964,0.179645,0.973499,0.0,12.99977111467155,26
187,0,11,3.9873869999999996,0.15677000000000002,0.9562970000000001,0.0,0.0,26
188,0,11,0.018971000000000002,0.170739,0.983259,0.0,0.0,25
189,0,11,3.996659,0.167567,0.983686,0.0,0.0,25
190,0,11,3.985435,0.171715,0.964898,0.0,0.0,25
191,0,11,0.003904,0.171349,0.966667,0.0,0.0,25
192,0,11,3.996476,0.167323,0.968924,0.0,0.0,25
193,0,11,3.997513,0.171959,0.9622139999999999,0.0,0.0,25
194,0,11,3.9940969999999996,0.170129,0.964532,0.0,0.0,25
195,0,11,3.995866,0.170373,0.965386,0.0,0.0,25
196,0,11,0.000488,0.18476900000000002,0.96807,0.0,0.0,25
197,0,11,3.994951,0.16860399999999998,0.965813,0.0,0.0,25
198,0,11,3.995195,0.169458,0.968375,0.0,0.0,25
199,0,11,3.984886,0.169458,0.967399,0.0,0.0,25
200,0,11,3.982263,0.170678,0.965081,0.0,0.0,25
201,0,11,0.014884,0.17324,0.9651419999999999,0.0,0.0,25
202,0,11,3.990437,0.169519,0.964898,0.0,0.0,25
203,0,11,3.9936700000000003,0.170739,0.964105,0.0,4.9997711146715496,25
204,0,11,0.006344,0.17263,0.9649589999999999,0.0,0.0,25
205,0,11,0.014518,0.149877,0.980697,0.0,0.0,25
206,0,11,0.014701,0.16988499999999998,0.963434,0.0,0.0,25
207,0,11,3.9884850000000003,0.17324,0.9675819999999999,0.0,13.999542229343099,25
208,0,11,0.005734,0.17446,0.968314,0.0,4.9997711146715496,25
209,0,11,3.9803109999999995,0.175924,0.9651419999999999,0.0,0.0,25
210,0,11,0.033489,0.161406,0.9555649999999999,0.0,8.99977111467155,25
211,0,11,3.9840929999999997,0.172569,0.9624579999999999,0.0,24.0,25
212,0,11,3.996781,0.16287000000000001,0.9699,0.0,0.0,25
213,0,11,0.008235,0.173423,0.966667,0.0,4.0,25
214,0,11,3.992023,0.169763,0.965996,0.0,10.999313344014649,25
215,0,11,0.022204,0.169397,0.961116,0.0,0.0,25
216,0,11,3.970429,0.168543,0.965081,0.0,12.0,25
217,0,11,0.015067,0.175375,0.969046,0.0,0.0,25
218,0,11,3.993975,0.17598499999999997,0.985089,0.0,0.0,25
219,0,11,0.0010979999999999998,0.17696099999999998,0.974536,0.0,8.99977111467155,25
220,0,11,3.9139429999999997,0.12858799999999998,0.933361,0.0,0.0,25
221,0,11,0.013054,0.16165000000000002,0.9616039999999999,0.0,29.9995422293431,25
222,0,11,0.013054,0.16165000000000002,0.9616039999999999,0.0,0.0,25
223,0,11,0.014884,0.178913,0.972889,0.0,0.0,25
224,0,11,0.006893,0.162016,0.966179,0.0,4.9997711146715496,25
225,0,11,3.959998,0.166896,0.9548329999999999,0.0,16.99977111467155,25
226,0,11,3.992511,0.165859,0.969351,0.0,0.0,25
227,0,11,0.008357,0.17385,0.9651419999999999,0.0,12.99977111467155,25
228,0,11,0.008052,0.172569,0.968009,0.0,0.0,25
229,0,11,0.022814,0.14823,0.936411,0.0,0.0,25
230,0,11,3.989461,0.167262,0.9661179999999999,0.0,0.0,25
231,0,11,0.0025009999999999998,0.177083,0.9678869999999999,0.0,0.0,25
232,0,11,3.997391,0.16957999999999998,0.9702049999999999,0.0,0.0,25
233,0,11,3.994036,0.17110499999999998,0.9633120000000001,0.0,8.0,25
234,0,11,0.0022570000000000003,0.16097899999999998,0.970327,0.0,0.0,25
235,0,11,3.9955,0.165981,0.977708,0.0,4.9997711146715496,25
236,0,11,0.003843,0.160857,0.9645929999999999,0.0,5.999542229343099,25
237,0,11,3.994219,0.173789,0.965569,0.0,0.0,26
238,0,11,3.9959879999999997,0.166347,0.967216,0.0,6.999313344014649,26
239,0,11,0.0005489999999999999,0.16994599999999999,0.9684969999999999,0.0,6.999313344014649,26
240,0,11,0.0,0.17116599999999998,0.965569,0.0,0.0,26
241,0,11,3.9901929999999997,0.17141,0.968131,0.0,0.0,26
242,0,11,0.000305,0.169641,0.964837,0.0,0.0,25
243,0,11,3.99733,0.170983,0.967033,0.0,0.0,25
244,0,11,3.989461,0.165249,0.966606,0.0,0.0,25
245,0,11,3.994341,0.167323,0.970937,0.0,0.0,25
246,0,11,3.995927,0.169153,0.9639220000000001,0.0,0.0,25
247,0,11,0.000122,0.15738,0.9677039999999999,0.0,0.0,25
248,0,11,3.9950119999999996,0.18720900000000001,0.9645929999999999,0.0,8.0,25
249,0,11,3.9950729999999997,0.169153,0.966667,0.0,0.0,25
250,0,11,3.992328,0.165798,0.9677039999999999,0.0,19.998168917372396,25
251,0,11,0.0030499999999999998,0.173179,0.9664839999999999,0.0,0.0,25
252,0,11,3.9850689999999998,0.17141,0.966545,0.0,0.0,26
253,0,11,3.992145,0.172935,0.9663619999999999,0.0,0.0,26
254,0,11,3.987021,0.16653,0.961726,0.0,0.0,26
255,0,11,3.997391,0.168726,0.965569,0.0,0.0,26
256,0,11,0.006893,0.169519,0.962397,0.0,5.999542229343099,26
257,0,11,3.994219,0.168055,0.964776,0.0,0.0,25
258,0,11,3.984337,0.16744499999999998,0.962336,0.0,0.0,25
259,0,11,0.001037,0.166408,0.968131,0.0,0.0,25
260,0,11,0.002013,0.174704,0.966911,0.0,8.0,25
261,0,11,3.994646,0.16653,0.9688629999999999,0.0,0.0,25
262,0,11,3.9940969999999996,0.17385,0.96685,0.0,0.0,25
263,0,11,3.9961100000000003,0.16653,0.966911,0.0,0.0,25
264,0,11,3.994768,0.17079999999999998,0.9645929999999999,0.0,0.0,25
265,0,11,3.996537,0.16713999999999998,0.967521,0.0,0.0,25
266,0,11,0.002562,0.174277,0.967155,0.0,0.0,25
267,0,11,0.013786,0.166652,0.97051,0.0,0.0,26
268,0,11,3.9750039999999998,0.17330099999999998,0.963495,0.0,0.0,26
269,0,11,0.001586,0.165249,0.969534,0.0,0.0,26
270,0,11,0.002013,0.171471,0.965447,0.0,0.0,26
271,0,11,3.9950729999999997,0.168787,0.965935,0.0,0.0,26
272,0,11,3.994402,0.169275,0.962885,0.0,0.0,25
273,0,11,3.9950729999999997,0.170495,0.9661179999999999,0.0,0.0,25
274,0,11,0.000976,0.161772,0.9678260000000001,0.0,0.0,25
275,0,11,3.996476,0.180499,0.969961,0.0,0.0,25
276,0,11,3.989888,0.163541,0.964288,0.0,0.0,25
277,0,11,3.994158,0.170617,0.9667279999999999,0.0,0.0,26
278,0,11,0.005734,0.166347,0.969046,0.0,12.0,26
279,0,11,0.000122,0.17104399999999997,0.96563,0.0,0.0,26
280,0,11,3.993365,0.16494399999999998,0.963861,0.0,0.0,26
281,0,11,3.992877,0.168482,0.964898,0.0,4.9997711146715496,26
282,0,11,3.996476,0.16994599999999999,0.9664839999999999,0.0,0.0,26
283,0,11,0.0022570000000000003,0.169336,0.966667,0.0,0.0,26
284,0,11,3.993365,0.16860399999999998,0.96685,0.0,0.0,26
285,0,11,3.995805,0.170129,0.9663619999999999,0.0,0.0,26
286,0,11,3.9948289999999997,0.16622499999999998,0.965264,0.0,0.0,26
287,0,11,3.9954389999999997,0.170495,0.9661179999999999,0.0,0.0,25
288,0,11,3.992877,0.168177,0.9669719999999999,0.0,0.0,25
289,0,11,3.994219,0.171288,0.9663619999999999,0.0,0.0,25
290,0,11,3.997391,0.168116,0.969168,0.0,0.0,25
291,0,11,3.9948289999999997,0.17324,0.966423,0.0,16.99977111467155,25
292,0,11,3.9939139999999997,0.166957,0.9645929999999999,0.0,0.0,25
293,0,11,3.992328,0.173179,0.9831369999999999,0.0,58.99839780270084,25
294,0,11,3.9961100000000003,0.16744499999999998,0.967643,0.0,0.0,25
295,0,11,3.993304,0.17452099999999998,0.96624,0.0,0.0,25
296,0,11,0.000732,0.16897,0.967765,0.0,0.0,25
297,0,11,3.9950729999999997,0.170434,0.9652029999999999,0.0,0.0,25
298,0,11,3.995256,0.169519,0.964044,0.0,0.0,25
299,0,11,0.0010979999999999998,0.169702,0.965813,0.0,0.0,25
300,0,11,3.997208,0.168848,0.964898,0.0,0.0,25
301,0,11,3.996781,0.16988499999999998,0.964776,0.0,9.999542229343099,25
302,0,11,3.992267,0.171654,0.966301,0.0,0.0,25
303,0,11,0.014578999999999998,0.16994599999999999,0.967216,0.0,0.0,25
304,0,11,3.994341,0.169763,0.966179,0.0,0.0,25
305,0,11,3.996659,0.169397,0.967033,0.0,0.0,25
306,0,11,3.9945239999999997,0.169397,0.9669719999999999,0.0,0.0,25
307,0,11,3.996171,0.171715,0.969595,0.0,4.0,25
308,0,11,3.993792,0.168909,0.9645929999999999,0.0,0.0,25
309,0,11,0.001037,0.170678,0.96563,0.0,0.0,25
310,0,11,0.003233,0.17232499999999998,0.969412,0.0,0.0,25
311,0,11,3.988851,0.17250800000000002,0.964837,0.0,0.0,25
312,0,11,3.997147,0.16622499999999998,0.9669719999999999,0.0,0.0,25
313,0,11,3.996171,0.172569,0.966789,0.0,0.0,25
314,0,11,0.000488,0.168055,0.966423,0.0,0.0,25
315,0,11,3.993426,0.171227,0.965386,0.0,0.0,25
316,0,11,3.997513,0.16835999999999998,0.9667279999999999,0.0,6.999313344014649,25
317,0,11,3.99184,0.170678,0.9657519999999999,0.0,14.999313344014649,26
318,0,11,3.9969029999999997,0.164761,0.962885,0.0,0.0,26
319,0,11,3.995256,0.171471,0.963617,0.0,0.0,26
320,0,11,0.009882,0.172447,0.969168,0.0,0.0,26
321,0,11,3.9950729999999997,0.171776,0.967643,0.0,0.0,26
322,0,11,3.9945239999999997,0.170739,0.967155,0.0,0.0,25
323,0,11,0.00042699999999999997,0.168421,0.966301,0.0,0.0,25
324,0,11,3.99489,0.169336,0.9664839999999999,0.0,0.0,25
325,0,11,3.989156,0.170495,0.9661179999999999,0.0,4.0,25
326,0,11,0.0035989999999999998,0.169397,0.9675819999999999,0.0,0.0,25
327,0,11,3.997635,0.170983,0.9677039999999999,0.0,0.0,25
328,0,11,3.996232,0.167079,0.9603229999999999,0.0,0.0,25
329,0,11,3.982263,0.172447,0.9651419999999999,0.0,0.0,25
330,0,11,0.0068319999999999995,0.165493,0.9664839999999999,0.0,0.0,25
331,0,11,3.996659,0.174887,0.968375,0.0,0.0,25
332,0,11,3.994158,0.167994,0.967033,0.0,0.0,25
333,0,11,0.000671,0.17250800000000002,0.96563,0.0,0.0,25
334,0,11,3.996598,0.16713999999999998,0.966301,0.0,0.0,25
335,0,11,0.00122,0.172935,0.965874,0.0,0.0,25
336,0,11,3.9955,0.170983,0.966179,0.0,4.9997711146715496,25
337,0,11,0.000488,0.166896,0.9633729999999999,0.0,0.0,25
338,0,11,0.012871,0.182085,0.967155,0.0,0.0,25
339,0,11,3.986167,0.168482,0.9622139999999999,0.0,0.0,25
340,0,11,3.992267,0.169397,0.9678260000000001,0.0,0.0,25
341,0,11,0.004819,0.17629,0.9673379999999999,0.0,0.0,25
342,0,11,0.0042699999999999995,0.169153,0.966606,0.0,0.0,25
343,0,11,0.000976,0.16469999999999999,0.963678,0.0,0.0,25
344,0,11,0.00976,0.164029,0.969961,0.0,8.0,25
345,0,11,0.056729999999999996,0.208132,0.92415,0.0,12.99977111467155,25
346,0,11,0.015433,0.178303,0.976671,0.0,0.0,25
347,0,11,3.99306,0.168909,0.965081,0.0,0.0,25
348,0,11,3.988668,0.163968,0.967216,0.0,0.0,25
349,0,11,0.005246,0.15670900000000001,0.965264,0.0,0.0,25
350,0,11,0.0021349999999999997,0.157075,0.9684969999999999,0.0,0.0,25
351,0,11,3.989705,0.17238599999999998,0.9663619999999999,0.0,0.0,25
352,0,11,3.984154,0.161955,0.966911,0.0,0.0,25
353,0,11,0.013359,0.169397,0.964715,0.0,0.0,25
354,0,11,0.006344,0.170373,0.968741,0.0,16.0,25
355,0,11,0.012565999999999999,0.165859,0.964105,0.0,0.0,25
356,0,11,3.9877529999999997,0.170129,0.962519,0.0,6.999313344014649,25
357,0,11,0.004391999999999999,0.170983,0.967643,0.0,9.999542229343099,25
358,0,11,3.9940969999999996,0.168116,0.966301,0.0,6.999313344014649,25
359,0,11,3.991901,0.165737,0.9652029999999999,0.0,9.999542229343099,25
360,0,11,0.004941,0.170983,0.9682529999999999,0.0,8.99977111467155,25
361,0,11,3.985191,0.172813,0.963068,0.0,0.0,25
362,0,11,0.007991,0.165737,0.96929,0.0,0.0,25
363,0,11,3.989583,0.17238599999999998,0.96441,0.0,0.0,25
364,0,11,3.990925,0.166957,0.965447,0.0,0.0,25
365,0,11,0.017202,0.170678,0.969961,0.0,0.0,25
366,0,11,0.010187,0.173118,0.972401,0.0,6.999313344014649,25
367,0,11,3.9777489999999998,0.16415100000000002,0.964105,0.0,0.0,25
368,0,11,0.0070149999999999995,0.173789,0.968009,0.0,0.0,25
369,0,11,0.004758,0.167567,0.9684969999999999,0.0,0.0,25
370,0,11,3.990864,0.175619,0.968802,0.0,0.0,25
371,0,11,3.992389,0.16738399999999998,0.9661179999999999,0.0,0.0,25
372,0,11,3.9969029999999997,0.170739,0.964288,0.0,0.0,26
373,0,11,3.996842,0.171593,0.96807,0.0,0.0,26
374,0,11,3.994951,0.17208099999999998,0.9661179999999999,0.0,0.0,26
375,0,11,3.988607,0.167628,0.963434,0.0,0.0,26
376,0,11,3.995927,0.17110499999999998,0.9674599999999999,0.0,0.0,26
377,0,11,0.000122,0.170068,0.96807,0.0,0.0,25
378,0,11,3.995134,0.17202,0.966545,0.0,0.0,25
379,0,11,3.997086,0.167689,0.9657519999999999,0.0,0.0,25
380,0,11,0.00042699999999999997,0.16744499999999998,0.967033,0.0,0.0,25
381,0,11,3.9945239999999997,0.17519200000000001,0.9663619999999999,0.0,0.0,25
382,0,11,3.990132,0.165676,0.966545,0.0,0.0,25
383,0,11,3.99672,0.17208099999999998,0.9656910000000001,0.0,0.0,25
384,0,11,3.9974519999999996,0.167872,0.9684360000000001,0.0,0.0,25
385,0,11,3.997208,0.170678,0.96624,0.0,0.0,25
386,0,11,3.99672,0.16860399999999998,0.9677039999999999,0.0,0.0,25
387,0,11,3.995134,0.168909,0.965813,0.0,0.0,26
388,0,11,3.991047,0.16988499999999998,0.96441,0.0,0.0,26
389,0,11,3.996415,0.169092,0.965996,0.0,0.0,26
390,0,11,0.000305,0.170617,0.965264,0.0,0.0,26
391,0,11,3.9950729999999997,0.16713999999999998,0.9674599999999999,0.0,0.0,26
392,0,11,0.002745,0.16897,0.967155,0.0,0.0,25
393,0,11,3.994768,0.17141,0.9653249999999999,0.0,0.0,25
394,0,11,3.997391,0.171654,0.965935,0.0,0.0,25
395,0,11,3.9954389999999997,0.176229,0.966911,0.0,0.0,25
396,0,11,0.001647,0.17110499999999998,0.9633729999999999,0.0,0.0,25
397,0,11,3.990315,0.170922,0.962702,0.0,0.0,25
398,0,11,0.001342,0.169397,0.966423,0.0,0.0,25
399,0,11,3.995195,0.158661,0.968314,0.0,0.0,25
400,0,11,3.993731,0.168299,0.96502,0.0,0.0,25
401,0,11,3.993853,0.17232499999999998,0.965081,0.0,0.0,25
402,0,11,6.1e-05,0.166042,0.965935,0.0,0.0,25
403,0,11,0.00183,0.173118,0.9652029999999999,0.0,0.0,25
404,0,11,3.98391,0.16897,0.9653249999999999,0.0,0.0,25
405,0,11,0.003172,0.171898,0.964898,0.0,0.0,25
406,0,11,0.003294,0.167079,0.9688629999999999,0.0,0.0,25
407,0,11,3.9957439999999997,0.175375,0.966667,0.0,0.0,25
408,0,11,3.988241,0.168848,0.965935,0.0,0.0,25
409,0,11,3.994036,0.168909,0.969412,0.0,0.0,25
410,0,11,3.993487,0.176534,0.9678869999999999,0.0,0.0,25
411,0,11,0.000183,0.16622499999999998,0.96807,0.0,0.0,25
412,0,11,3.994646,0.17110499999999998,0.966057,0.0,0.0,25
413,0,11,0.0015249999999999999,0.167994,0.9664839999999999,0.0,0.0,25
414,0,11,3.9959879999999997,0.16744499999999998,0.96624,0.0,0.0,25
415,0,11,3.997574,0.17055599999999999,0.9656910000000001,0.0,0.0,25
416,0,11,3.996598,0.168848,0.969534,0.0,0.0,25
417,0,11,3.989583,0.171593,0.9684360000000001,0.0,0.0,25
418,0,11,3.9948289999999997,0.166408,0.964715,0.0,0.0,25
419,0,11,0.000671,0.172447,0.96807,0.0,0.0,25
420,0,11,3.996598,0.16897,0.968192,0.0,0.0,25
421,0,11,3.994158,0.174033,0.96563,0.0,0.0,25
422,0,11,3.9970250000000003,0.167323,0.965874,0.0,0.0,25
423,0,11,3.99428,0.169519,0.964288,0.0,0.0,25
424,0,11,3.9927550000000003,0.16616399999999998,0.9670939999999999,0.0,0.0,25
425,0,11,0.003294,0.165859,0.9664839999999999,0.0,4.9997711146715496,25
426,0,11,3.994036,0.168055,0.9643489999999999,0.0,0.0,25
427,0,11,0.006466,0.16738399999999998,0.9684969999999999,0.0,0.0,25
428,0,11,3.977566,0.171654,0.968131,0.0,0.0,25
429,0,11,3.9972689999999997,0.169214,0.964288,0.0,8.0,25
430,0,11,0.003294,0.171837,0.966545,0.0,0.0,25
431,0,11,3.993304,0.170312,0.9643489999999999,0.0,0.0,25
432,0,11,3.997086,0.17482599999999998,0.9628239999999999,0.0,0.0,26
433,0,11,3.99489,0.169214,0.9673379999999999,0.0,0.0,26
434,0,11,3.992328,0.169275,0.965874,0.0,0.0,26
435,0,11,3.997208,0.169763,0.96929,0.0,0.0,26
436,0,11,3.995256,0.16994599999999999,0.9674599999999999,0.0,0.0,26
437,0,11,3.99245,0.166957,0.965447,0.0,0.0,25
438,0,11,3.9926329999999997,0.171776,0.966545,0.0,0.0,25
439,0,11,3.986594,0.16988499999999998,0.9657519999999999,0.0,0.0,25
440,0,11,0.011163000000000001,0.164883,0.966911,0.0,6.999313344014649,25
441,0,11,3.995866,0.171837,0.966911,0.0,9.999542229343099,25
442,0,11,3.996842,0.167506,0.96685,0.0,5.999542229343099,25
443,0,11,3.992572,0.17482599999999998,0.9667279999999999,0.0,8.0,25
444,0,11,0.002745,0.166103,0.9674599999999999,0.0,0.0,25
445,0,11,3.9950729999999997,0.17232499999999998,0.964654,0.0,0.0,25
446,0,11,0.005734,0.17086099999999999,0.9669719999999999,0.0,0.0,25
447,0,11,3.99184,0.170068,0.965264,0.0,0.0,25
448,0,11,3.990498,0.16622499999999998,0.9670939999999999,0.0,0.0,25
449,0,11,3.993731,0.158295,0.966423,0.0,0.0,25
450,0,11,3.9961100000000003,0.18598900000000002,0.9653249999999999,0.0,0.0,25
451,0,11,0.002562,0.163968,0.9682529999999999,0.0,0.0,25
452,0,11,3.993853,0.17610699999999999,0.9645929999999999,0.0,0.0,25
453,0,11,3.9945239999999997,0.167506,0.965081,0.0,0.0,25
454,0,11,3.9969639999999997,0.170251,0.9669719999999999,0.0,0.0,25
455,0,11,0.001647,0.16897,0.968314,0.0,0.0,25
456,0,11,3.99428,0.172569,0.96624,0.0,0.0,25
457,0,11,3.9905589999999997,0.16744499999999998,0.964837,0.0,0.0,25
458,0,11,3.995866,0.17232499999999998,0.9678260000000001,0.0,0.0,25
459,0,11,0.009638,0.16994599999999999,0.9663619999999999,0.0,0.0,25
460,0,11,3.997574,0.170739,0.966179,0.0,0.0,25
461,0,11,3.9829339999999998,0.170312,0.961421,0.0,0.0,25
462,0,11,0.000183,0.164822,0.9672769999999999,0.0,0.0,26
463,0,11,3.99489,0.165188,0.96685,0.0,0.0,26
464,0,11,0.001586,0.16781100000000002,0.968619,0.0,0.0,26
465,0,11,3.994951,0.170068,0.9656910000000001,0.0,0.0,26
466,0,11,3.9955,0.17019,0.965874,0.0,0.0,25
467,0,11,3.996476,0.171959,0.967643,0.0,0.0,25
468,0,11,3.995134,0.174216,0.968802,0.0,0.0,25
469,0,11,3.992938,0.16616399999999998,0.966911,0.0,0.0,25
470,0,11,0.001159,0.173667,0.9667279999999999,0.0,0.0,25
471,0,11,0.000488,0.168726,0.967033,0.0,0.0,25
472,0,11,3.9950729999999997,0.173179,0.964532,0.0,0.0,25
473,0,11,3.9936700000000003,0.17232499999999998,0.964227,0.0,0.0,25
474,0,11,3.997086,0.170739,0.96685,0.0,0.0,25
475,0,11,3.995622,0.170739,0.96624,0.0,0.0,25
476,0,11,3.9974519999999996,0.170739,0.9678260000000001,0.0,0.0,25
477,0,11,3.992572,0.169519,0.9649589999999999,0.0,0.0,25
478,0,11,3.9969639999999997,0.16957999999999998,0.9657519999999999,0.0,0.0,25
479,0,11,3.997147,0.168299,0.9673379999999999,0.0,0.0,25
480,0,11,3.99428,0.170434,0.966423,0.0,0.0,25
481,0,11,3.997147,0.170739,0.966667,0.0,0.0,25
482,0,11,0.003477,0.170678,0.9688629999999999,0.0,0.0,25
483,0,11,0.00061,0.167994,0.9661179999999999,0.0,0.0,25
484,0,11,3.984764,0.16835999999999998,0.964837,0.0,0.0,25
485,0,11,3.987082,0.169519,0.96502,0.0,0.0,25
486,0,11,0.001037,0.166347,0.965447,0.0,0.0,25
487,0,11,3.992572,0.167567,0.967948,0.0,0.0,25
488,0,11,0.006161,0.171532,0.9672769999999999,0.0,0.0,25
489,0,11,0.0015249999999999999,0.16713999999999998,0.968741,0.0,0.0,25
490,0,11,0.0068319999999999995,0.17275200000000002,0.9674599999999999,0.0,0.0,26
491,0,11,3.992572,0.167506,0.964471,0.0,0.0,26
492,0,11,3.990315,0.171837,0.9643489999999999,0.0,0.0,26
493,0,11,0.001952,0.166957,0.965569,0.0,0.0,26
494,0,11,3.9957439999999997,0.171654,0.96807,0.0,0.0,26
495,0,11,3.996415,0.166652,0.9663619999999999,0.0,0.0,25
496,0,11,3.996171,0.174277,0.9669719999999999,0.0,0.0,25
497,0,11,0.000915,0.16537100000000002,0.9831369999999999,0.0,0.0,25
498,0,11,3.993182,0.174094,0.963068,0.0,0.0,25
499,0,11,3.997208,0.166408,0.964654,0.0,0.0,25
500,0,11,3.9944629999999997,0.174094,0.9677039999999999,0.0,0.0,25
501,0,11,3.99733,0.16494399999999998,0.96807,0.0,0.0,25
502,0,11,3.995927,0.15670900000000001,0.9652029999999999,0.0,0.0,25
503,0,11,3.99733,0.168543,0.968131,0.0,0.0,25
504,0,11,3.994707,0.17019,0.965935,0.0,0.0,25
505,0,11,3.995256,0.169397,0.966301,0.0,0.0,25
506,0,11,3.982812,0.16897,0.966667,0.0,0.0,25
507,0,11,3.997147,0.171532,0.9664839999999999,0.0,0.0,25
508,0,11,3.9940969999999996,0.170983,0.966606,0.0,0.0,25
509,0,11,3.997513,0.166835,0.96807,0.0,0.0,25
510,0,11,3.995805,0.168909,0.967399,0.0,0.0,25
511,0,11,3.995622,0.171593,0.9655079999999999,0.0,0.0,25
512,0,11,3.995866,0.16897,0.9667279999999999,0.0,0.0,25
513,0,11,3.9944629999999997,0.169458,0.9661179999999999,0.0,0.0,25
514,0,11,3.996842,0.170495,0.967399,0.0,0.0,25
515,0,11,3.995317,0.16988499999999998,0.9651419999999999,0.0,0.0,25
516,0,11,3.9944629999999997,0.169397,0.965569,0.0,0.0,25
517,0,11,3.9961100000000003,0.170007,0.965996,0.0,0.0,25
518,0,11,3.994646,0.171288,0.966667,0.0,0.0,25
519,0,11,3.993792,0.169397,0.965447,0.0,0.0,25
520,0,11,3.9945239999999997,0.168299,0.966423,0.0,0.0,25
521,0,11,3.995317,0.16860399999999998,0.965813,0.0,0.0,25
522,0,11,3.996293,0.16860399999999998,0.967399,0.0,0.0,25
523,0,11,3.994402,0.173423,0.966179,0.0,0.0,25
524,0,11,0.001647,0.17019,0.966667,0.0,48.0,25
525,0,11,3.996049,0.17372800000000002,0.965081,0.0,0.0,25
526,0,11,3.9939139999999997,0.16860399999999998,0.9657519999999999,0.0,0.0,25
527,0,11,3.995317,0.17141,0.9667279999999999,0.0,0.0,25
528,0,11,3.994646,0.16775,0.966057,0.0,0.0,25
529,0,11,3.9963539999999997,0.16897,0.967643,0.0,0.0,25
530,0,11,3.9969639999999997,0.169458,0.9669719999999999,0.0,0.0,25
531,0,11,0.00042699999999999997,0.169092,0.9664839999999999,0.0,0.0,25
532,0,11,3.9920839999999997,0.170007,0.9652029999999999,0.0,0.0,25
533,0,11,0.001037,0.16775,0.9684360000000001,0.0,0.0,25
534,0,11,3.9944629999999997,0.17324,0.964105,0.0,0.0,25
535,0,11,3.996293,0.16494399999999998,0.966423,0.0,0.0,25
536,0,11,3.9917179999999997,0.171288,0.965935,0.0,0.0,25
537,0,11,3.9969029999999997,0.167628,0.9664839999999999,0.0,0.0,25
538,0,11,6.1e-05,0.16982399999999997,0.966301,0.0,0.0,25
539,0,11,3.996049,0.17116599999999998,0.966789,0.0,0.0,25
540,0,11,0.002318,0.16500499999999999,0.968558,0.0,6.999313344014649,25
541,0,11,3.993304,0.17696099999999998,0.962336,0.0,0.0,25
542,0,11,3.995256,0.16390699999999997,0.9669719999999999,0.0,0.0,25
543,0,11,3.994646,0.173667,0.967033,0.0,5.999542229343099,25
544,0,11,0.001342,0.166896,0.9669719999999999,0.0,0.0,25
545,0,11,3.991291,0.171715,0.964471,0.0,4.0,25
546,0,11,3.995866,0.166896,0.9663619999999999,0.0,4.0,25
547,0,11,3.99428,0.169397,0.9669719999999999,0.0,4.9997711146715496,25
548,0,11,3.988058,0.17629,0.974658,0.0,0.0,25
549,0,11,3.9896439999999997,0.167628,0.9629460000000001,0.0,0.0,25
550,0,11,3.99733,0.168238,0.964105,0.0,0.0,25
551,0,11,0.001281,0.170739,0.967521,0.0,0.0,25
552,0,11,0.001281,0.169214,0.982893,0.0,0.0,25
553,0,11,3.995927,0.170495,0.969534,0.0,0.0,25
554,0,11,3.994707,0.170373,0.967948,0.0,0.0,25
555,0,11,3.9961100000000003,0.16988499999999998,0.9656910000000001,0.0,0.0,25
556,0,11,3.992938,0.170373,0.963739,0.0,0.0,25
557,0,11,3.997208,0.170312,0.9667279999999999,0.0,0.0,25
558,0,11,3.9936700000000003,0.170068,0.964715,0.0,0.0,25
559,0,11,3.995134,0.169519,0.9667279999999999,0.0,0.0,25
560,0,11,0.001403,0.17079999999999998,0.967521,0.0,0.0,25
561,0,11,3.9955609999999995,0.17232499999999998,0.9672769999999999,0.0,0.0,25
562,0,11,3.9955,0.167994,0.9672769999999999,0.0,8.0,25
563,0,11,0.009333000000000001,0.166042,0.965386,0.0,0.0,25
564,0,11,3.993121,0.169763,0.967948,0.0,0.0,25
565,0,11,3.9920839999999997,0.170251,0.9664839999999999,0.0,0.0,25
566,0,11,3.99306,0.16988499999999998,0.963861,0.0,0.0,25
567,0,11,3.9940969999999996,0.168848,0.962275,0.0,0.0,25
568,0,11,0.008539999999999999,0.168177,0.9739869999999999,0.0,0.0,26
569,0,11,3.9948289999999997,0.173118,0.9651419999999999,0.0,0.0,26
570,0,11,3.9929989999999997,0.166042,0.9673379999999999,0.0,4.9997711146715496,26
571,0,11,3.9916569999999996,0.17476499999999998,0.9663619999999999,0.0,8.0,26
572,0,11,3.996232,0.170373,0.969656,0.0,0.0,26
573,0,11,3.9936700000000003,0.173179,0.9655079999999999,0.0,0.0,26
574,0,11,3.996415,0.17079999999999998,0.9684969999999999,0.0,0.0,26
575,0,11,3.9959879999999997,0.17116599999999998,0.965447,0.0,0.0,26
576,0,11,0.001891,0.169336,0.967155,0.0,0.0,26
577,0,11,3.995866,0.170739,0.9678869999999999,0.0,0.0,26
578,0,11,3.99428,0.16994599999999999,0.966301,0.0,0.0,25
579,0,11,3.994951,0.169763,0.9675819999999999,0.0,0.0,25
580,0,11,0.000366,0.16957999999999998,0.968009,0.0,0.0,25
581,0,11,3.996415,0.17104399999999997,0.9653249999999999,0.0,0.0,25
582,0,11,3.996598,0.168787,0.96563,0.0,0.0,25
583,0,11,3.994341,0.170495,0.966667,0.0,0.0,25
584,0,11,0.000183,0.168909,0.9674599999999999,0.0,0.0,25
585,0,11,0.0005489999999999999,0.174643,0.9721569999999999,0.0,0.0,25
586,0,11,3.996049,0.168726,0.968131,0.0,0.0,25
587,0,11,3.994036,0.16957999999999998,0.96502,0.0,0.0,25
588,0,11,3.995927,0.169214,0.965569,0.0,0.0,25
589,0,11,3.996049,0.16994599999999999,0.96624,0.0,0.0,25
590,0,11,3.99001,0.17086099999999999,0.967399,0.0,0.0,25
591,0,11,3.996537,0.17086099999999999,0.9684360000000001,0.0,0.0,25
592,0,11,3.995317,0.167933,0.9684360000000001,0.0,0.0,25
593,0,11,3.992145,0.16994599999999999,0.9663619999999999,0.0,0.0,25
594,0,11,3.996476,0.17019,0.967155,0.0,0.0,25
595,0,11,3.9959879999999997,0.170312,0.9667279999999999,0.0,0.0,25
596,0,11,3.997086,0.171898,0.965996,0.0,0.0,25
597,0,11,3.994768,0.169458,0.966179,0.0,0.0,25
598,0,11,3.9974519999999996,0.161589,0.957456,0.0,0.0,25
599,0,11,0.00244,0.17238599999999998,0.970388,0.0,0.0,25
600,0,11,3.995683,0.174338,0.9657519999999999,0.0,0.0,25
601,0,11,0.001281,0.168909,0.9667279999999999,0.0,0.0,25
602,0,11,3.994158,0.172935,0.966301,0.0,0.0,25
603,0,11,3.9970250000000003,0.16713999999999998,0.968131,0.0,0.0,25
604,0,11,3.9972689999999997,0.17079999999999998,0.9649589999999999,0.0,0.0,25
605,0,11,3.993426,0.168543,0.9672769999999999,0.0,0.0,25
606,0,11,3.994219,0.169397,0.9673379999999999,0.0,0.0,25
607,0,11,0.000488,0.168787,0.9669719999999999,0.0,0.0,25
608,0,11,0.002928,0.156526,0.96929,0.0,0.0,25
609,0,11,3.992206,0.168055,0.966179,0.0,0.0,25
610,0,11,3.993487,0.172569,0.964654,0.0,0.0,25
611,0,11,3.9963539999999997,0.168299,0.96624,0.0,0.0,25
612,0,11,3.994768,0.171227,0.9669719999999999,0.0,0.0,25
613,0,11,3.996476,0.16775,0.965996,0.0,0.0,25
614,0,11,0.0008539999999999999,0.17116599999999998,0.967399,0.0,0.0,25
615,0,11,3.995622,0.169702,0.967399,0.0,0.0,25
616,0,11,3.9963539999999997,0.167689,0.965386,0.0,0.0,25
617,0,11,3.997147,0.17208099999999998,0.96624,0.0,0.0,25
618,0,11,3.9955,0.167262,0.966057,0.0,0.0,25
619,0,11,3.994768,0.169275,0.966789,0.0,0.0,25
620,0,11,3.9970250000000003,0.169641,0.966545,0.0,0.0,25
621,0,11,3.99672,0.168421,0.9656910000000001,0.0,0.0,25
622,0,11,3.9959879999999997,0.172264,0.965935,0.0,0.0,25
623,0,11,3.9936700000000003,0.16744499999999998,0.967033,0.0,0.0,26
624,0,11,3.995805,0.16897,0.965386,0.0,0.0,26
625,0,11,3.99672,0.171837,0.9667279999999999,0.0,0.0,26
626,0,11,0.001281,0.16982399999999997,0.967765,0.0,0.0,26
627,0,11,3.993487,0.170922,0.9667279999999999,0.0,0.0,26
628,0,11,0.0010979999999999998,0.169519,0.9682529999999999,0.0,0.0,25
629,0,11,3.994158,0.167567,0.967399,0.0,0.0,25
630,0,11,3.9972689999999997,0.171837,0.967216,0.0,0.0,25
631,0,11,3.9945239999999997,0.17110499999999998,0.965264,0.0,0.0,25
632,0,11,3.9959879999999997,0.173789,0.965813,0.0,0.0,25
633,0,11,3.995866,0.16903100000000001,0.966911,0.0,0.0,25
634,0,11,3.9902539999999997,0.171837,0.9624579999999999,0.0,0.0,25
635,0,11,0.00042699999999999997,0.16957999999999998,0.966545,0.0,0.0,25
636,0,11,3.997086,0.173179,0.9663619999999999,0.0,0.0,25
637,0,11,3.996293,0.16860399999999998,0.9655079999999999,0.0,0.0,25
638,0,11,3.99733,0.172996,0.965935,0.0,0.0,25
639,0,11,3.994768,0.166469,0.966606,0.0,0.0,25
640,0,11,3.995317,0.17330099999999998,0.9656910000000001,0.0,0.0,25
641,0,11,3.996232,0.166774,0.966911,0.0,0.0,25
642,0,11,3.9970250000000003,0.17452099999999998,0.9643489999999999,0.0,0.0,25
643,0,11,6.1e-05,0.167323,0.9682529999999999,0.0,0.0,25
644,0,11,3.990986,0.17275200000000002,0.965874,0.0,0.0,25
645,0,11,3.996781,0.168299,0.966667,0.0,0.0,25
646,0,11,3.9954389999999997,0.172142,0.9653249999999999,0.0,0.0,25
647,0,11,3.9959879999999997,0.170739,0.96685,0.0,0.0,26
648,0,11,3.996049,0.169519,0.9663619999999999,0.0,0.0,26
649,0,11,3.996232,0.170495,0.9673379999999999,0.0,0.0,26
650,0,11,3.9801279999999997,0.171959,0.96441,0.0,0.0,26
651,0,11,3.98879,0.164395,0.962031,0.0,0.0,26
652,0,11,0.0071979999999999995,0.174155,0.970144,0.0,0.0,25
653,0,11,3.994219,0.171349,0.9673379999999999,0.0,0.0,25
654,0,11,3.989522,0.167933,0.9661179999999999,0.0,0.0,25
655,0,11,3.997147,0.17110499999999998,0.9653249999999999,0.0,0.0,25
656,0,11,0.000976,0.166103,0.963007,0.0,0.0,25
657,0,11,3.994402,0.17360599999999998,0.965081,0.0,0.0,25
658,0,11,3.9955,0.168116,0.9674599999999999,0.0,0.0,25
659,0,11,3.996293,0.156221,0.9670939999999999,0.0,0.0,25
660,0,11,3.997391,0.169397,0.9656910000000001,0.0,0.0,25
661,0,11,3.9957439999999997,0.16957999999999998,0.968558,0.0,0.0,25
662,0,11,3.993243,0.170983,0.964105,0.0,0.0,25
663,0,11,3.9955,0.168421,0.965569,0.0,0.0,25
664,0,11,3.9944629999999997,0.16994599999999999,0.966667,0.0,0.0,25
665,0,11,3.98269,0.168238,0.965996,0.0,0.0,25
666,0,11,0.002074,0.16860399999999998,0.9684969999999999,0.0,0.0,25
667,0,11,3.993426,0.17110499999999998,0.966057,0.0,0.0,25
668,0,11,3.991535,0.169153,0.965813,0.0,0.0,25
669,0,11,3.9957439999999997,0.170983,0.9656910000000001,0.0,0.0,25
670,0,11,3.996171,0.17086099999999999,0.966423,0.0,0.0,25
671,0,11,3.996781,0.168482,0.96502,0.0,0.0,25
672,0,11,3.9939139999999997,0.169519,0.9663619999999999,0.0,0.0,25
673,0,11,3.995317,0.167933,0.967155,0.0,0.0,25
674,0,11,3.996537,0.170922,0.9656910000000001,0.0,0.0,25
675,0,11,3.997391,0.168116,0.966789,0.0,0.0,25
676,0,11,3.9961100000000003,0.172203,0.96624,0.0,0.0,25
677,0,11,3.9961100000000003,0.16897,0.967521,0.0,0.0,25
678,0,11,3.994158,0.170251,0.96502,0.0,0.0,25
679,0,11,3.994219,0.169153,0.967216,0.0,0.0,25
680,0,11,3.996232,0.170922,0.967643,0.0,0.0,25
681,0,11,3.993853,0.168116,0.9663619999999999,0.0,0.0,25
682,0,11,3.99733,0.168848,0.967521,0.0,0.0,25
683,0,11,3.997147,0.173911,0.964776,0.0,0.0,25
684,0,11,3.9764679999999997,0.171654,0.959957,0.0,0.0,25
685,0,11,0.002379,0.16622499999999998,0.968741,0.0,16.0,25
686,0,11,3.99184,0.174033,0.969046,0.0,25.9995422293431,25
687,0,11,3.995805,0.167018,0.9691069999999999,0.0,0.0,25
688,0,11,3.986167,0.17263,0.965386,0.0,4.9997711146715496,25
689,0,11,0.029219,0.183305,0.9639220000000001,0.0,10.999313344014649,25
690,0,11,3.9894000000000003,0.169397,0.9653249999999999,0.0,0.0,25
691,0,11,0.026291000000000002,0.179218,0.972828,0.0,0.0,25
692,0,11,3.9656100000000003,0.165981,0.958188,0.0,0.0,25
693,0,11,3.988241,0.182268,0.965386,0.0,5.999542229343099,25
694,0,11,3.9939139999999997,0.155916,0.970266,0.0,8.0,25
695,0,11,3.993792,0.165432,0.961543,0.0,4.9997711146715496,25
696,0,11,0.01098,0.1525,0.9551989999999999,0.0,14.999313344014649,25
697,0,11,3.984154,0.168177,0.969351,0.0,0.0,25
698,0,11,3.995134,0.168482,0.964837,0.0,0.0,25
699,0,11,3.9961100000000003,0.174216,0.962702,0.0,0.0,25
700,0,11,3.9961100000000003,0.174216,0.962702,0.0,8.99977111467155,25
701,0,11,3.996476,0.17232499999999998,0.9633729999999999,0.0,0.0,25
702,0,11,3.993975,0.170373,0.9674599999999999,0.0,0.0,25
703,0,11,6.1e-05,0.165493,0.968192,0.0,0.0,25
704,0,11,3.9911689999999997,0.171776,0.966179,0.0,0.0,25
705,0,11,3.9902539999999997,0.16957999999999998,0.979538,0.0,0.0,25
706,0,11,0.01159,0.169519,0.9698389999999999,0.0,0.0,25
707,0,11,3.9945239999999997,0.173118,0.964532,0.0,0.0,25
708,0,11,3.9926329999999997,0.16226,0.9652029999999999,0.0,0.0,25
709,0,11,3.994768,0.17580199999999999,0.964105,0.0,0.0,25
710,0,11,3.9936089999999997,0.168421,0.9643489999999999,0.0,10.999313344014649,25
711,0,11,3.9939139999999997,0.157075,0.964288,0.0,0.0,25
712,0,11,3.9939139999999997,0.16835999999999998,0.9651419999999999,0.0,0.0,25
713,0,11,3.9955609999999995,0.17232499999999998,0.964776,0.0,0.0,25
714,0,11,0.00042699999999999997,0.16390699999999997,0.968741,0.0,0.0,25
715,0,11,3.989888,0.178059,0.964471,0.0,12.0,25
716,0,11,0.014701,0.16366299999999998,0.9653249999999999,0.0,8.99977111467155,25
717,0,11,0.003477,0.171837,0.961482,0.0,4.9997711146715496,25
718,0,11,0.000793,0.166774,0.9691069999999999,0.0,5.999542229343099,25
719,0,11,0.008967000000000001,0.17446,0.968802,0.0,37.9995422293431,25
720,0,11,3.992816,0.16341899999999998,0.966057,0.0,0.0,25
721,0,11,0.008357,0.16622499999999998,0.9678869999999999,0.0,0.0,25
722,0,11,3.9920839999999997,0.17208099999999998,0.966606,0.0,0.0,25
723,0,11,3.992267,0.16738399999999998,0.966179,0.0,16.99977111467155,25
724,0,11,0.0051849999999999995,0.167567,0.968375,0.0,0.0,25
725,0,11,3.992267,0.16994599999999999,0.9657519999999999,0.0,0.0,25
726,0,11,3.9935479999999997,0.167018,0.968009,0.0,0.0,25
727,0,11,3.9970250000000003,0.172447,0.966545,0.0,0.0,25
728,0,11,0.001769,0.17110499999999998,0.96685,0.0,0.0,25
729,0,11,3.988302,0.161955,0.9526979999999999,0.0,0.0,25
730,0,11,3.994341,0.169153,0.9664839999999999,0.0,8.99977111467155,25
731,0,11,0.026352,0.171715,0.945744,0.0,32.0,25
732,0,11,3.9792739999999998,0.167262,0.957639,0.0,0.0,25
733,0,11,0.005063,0.172203,0.96929,0.0,0.0,26
734,0,11,3.986655,0.169763,0.9605670000000001,0.0,8.99977111467155,26
735,0,11,3.992206,0.186721,0.9750849999999999,0.0,0.0,26
736,0,11,3.986777,0.164395,0.9657519999999999,0.0,0.0,26
737,0,11,0.002013,0.173423,0.967033,0.0,0.0,26
738,0,11,0.002989,0.167079,0.9655079999999999,0.0,0.0,25
739,0,11,3.994036,0.17019,0.963861,0.0,0.0,25
740,0,11,3.9948289999999997,0.168177,0.964898,0.0,0.0,25
741,0,11,3.996171,0.17086099999999999,0.966301,0.0,0.0,25
742,0,11,3.9950729999999997,0.170495,0.9684969999999999,0.0,0.0,25
743,0,11,3.9955,0.170495,0.9663619999999999,0.0,0.0,25
744,0,11,3.996049,0.17055599999999999,0.966301,0.0,0.0,25
745,0,11,3.9948289999999997,0.169641,0.9664839999999999,0.0,0.0,25
746,0,11,3.994768,0.170312,0.966423,0.0,0.0,25
747,0,11,3.9955,0.17019,0.9674599999999999,0.0,0.0,25
748,0,11,3.994036,0.16982399999999997,0.965935,0.0,0.0,26
749,0,11,3.981409,0.167018,0.961909,0.0,0.0,26
750,0,11,3.996476,0.165676,0.9691069999999999,0.0,8.99977111467155,26
751,0,11,0.010919,0.180438,0.965874,0.0,6.999313344014649,26
752,0,11,0.004758,0.16500499999999999,0.9682529999999999,0.0,4.9997711146715496,26
753,0,11,3.9893389999999997,0.175497,0.963068,0.0,6.999313344014649,25
754,0,11,3.996415,0.16775,0.969534,0.0,4.9997711146715496,25
755,0,11,3.995866,0.17250800000000002,0.9656910000000001,0.0,6.999313344014649,25
756,0,11,3.994219,0.166103,0.96685,0.0,0.0,25
757,0,11,3.9887289999999997,0.172203,0.964532,0.0,9.999542229343099,25
758,0,11,0.0010979999999999998,0.167994,0.967521,0.0,8.0,25
759,0,11,3.9939139999999997,0.172203,0.966911,0.0,0.0,25
760,0,11,3.994585,0.170007,0.965081,0.0,0.0,25
761,0,11,0.0022570000000000003,0.168787,0.9706319999999999,0.0,0.0,25
762,0,11,3.9961100000000003,0.171715,0.967643,0.0,0.0,25
763,0,11,3.992877,0.168177,0.964532,0.0,0.0,25
764,0,11,3.9898269999999996,0.186355,0.964471,0.0,10.999313344014649,25
765,0,11,3.982446,0.165676,0.969412,0.0,4.998855573357748,25
766,0,11,3.984886,0.169336,0.962702,0.0,0.0,25
767,0,11,0.00549,0.168543,0.969534,0.0,0.0,25
768,0,11,0.014884,0.171227,0.9655079999999999,0.0,0.0,26
769,0,11,3.993365,0.17086099999999999,0.9656910000000001,0.0,0.0,26
770,0,11,0.00366,0.167262,0.9691069999999999,0.0,0.0,26
771,0,11,3.996659,0.171349,0.966667,0.0,16.0,26
772,0,11,0.004636,0.168421,0.965813,0.0,42.99931334401465,26
773,0,11,3.992389,0.170678,0.965874,0.0,0.0,25
774,0,11,3.9955,0.171654,0.9670939999999999,0.0,0.0,25
775,0,11,3.9961100000000003,0.169275,0.967155,0.0,0.0,25
776,0,11,3.9948289999999997,0.17141,0.967643,0.0,0.0,25
777,0,11,3.9961100000000003,0.169519,0.967033,0.0,0.0,25
778,0,11,3.99489,0.16988499999999998,0.967216,0.0,0.0,25
779,0,11,3.995805,0.169519,0.966606,0.0,0.0,25
780,0,11,3.9961100000000003,0.17104399999999997,0.968131,0.0,0.0,25
781,0,11,3.9712219999999996,0.18104800000000001,0.969534,0.0,0.0,25
782,0,11,0.014273999999999998,0.165859,0.970937,0.0,0.0,25
783,0,11,3.9969639999999997,0.170373,0.963617,0.0,0.0,25
784,0,11,3.984581,0.170495,0.9633729999999999,0.0,0.0,25
785,0,11,3.991901,0.166652,0.9622139999999999,0.0,0.0,25
786,0,11,3.9953779999999997,0.170678,0.965935,0.0,0.0,25
787,0,11,3.993365,0.167262,0.96502,0.0,0.0,25
788,0,11,3.996232,0.17055599999999999,0.96624,0.0,0.0,25
789,0,11,3.997391,0.170068,0.967399,0.0,0.0,25
790,0,11,3.995622,0.17110499999999998,0.966545,0.0,0.0,25
791,0,11,3.996293,0.167994,0.9663619999999999,0.0,0.0,25
792,0,11,0.000183,0.17079999999999998,0.965935,0.0,0.0,25
793,0,11,3.992511,0.16988499999999998,0.965264,0.0,0.0,25
794,0,11,3.997086,0.171654,0.968924,0.0,0.0,25
795,0,11,3.9957439999999997,0.17086099999999999,0.965996,0.0,0.0,25
796,0,11,0.0030499999999999998,0.166469,0.962519,0.0,0.0,25
797,0,11,3.997635,0.173362,0.9684969999999999,0.0,0.0,25
798,0,11,3.992572,0.168055,0.96563,0.0,0.0,25
799,0,11,3.9950119999999996,0.171837,0.9639829999999999,0.0,0.0,25
800,0,11,3.996781,0.168543,0.964105,0.0,0.0,25
